5.306199, -4.481694, -0.343799, 2.951064
5.334584, -4.489769, -0.340431, 2.951529
5.362992, -4.497777, -0.334504, 2.951990
5.391436, -4.505674, -0.326005, 2.952447
5.419928, -4.513413, -0.314926, 2.952899
5.448480, -4.520946, -0.301262, 2.953347
5.477104, -4.528220, -0.285013, 2.953791
5.505809, -4.535182, -0.266178, 2.954230
5.534606, -4.541776, -0.244760, 2.954665
5.563502, -4.547943, -0.220762, 2.955097
5.592487, -4.553701, -0.195201, 2.955524
5.621566, -4.558983, -0.167893, 2.955947
5.650730, -4.563802, -0.139702, 2.956366
5.709309, -4.571847, -0.080499, 2.957191
5.738711, -4.575014, -0.049852, 2.957599
5.768174, -4.577599, -0.019064, 2.958002
5.797691, -4.579533, 0.012317, 2.958401
5.827246, -4.580831, 0.043651, 2.958797
5.856828, -4.581428, 0.075429, 2.959189
5.916004, -4.580513, 0.139004, 2.959961
5.945563, -4.578961, 0.170730, 2.960342
5.975074, -4.576629, 0.202751, 2.960719
6.004520, -4.573544, 0.234493, 2.961093
6.033875, -4.569652, 0.266499, 2.961463
6.063119, -4.564984, 0.298204, 2.961829
6.092223, -4.559490, 0.330156, 2.962192
6.149927, -4.546082, 0.393679, 2.962908
6.178477, -4.538159, 0.425245, 2.963261
6.206784, -4.529394, 0.457052, 2.963610
6.262587, -4.509423, 0.520280, 2.964299
6.290032, -4.498221, 0.551703, 2.964638
6.317127, -4.486189, 0.583374, 2.964975
6.343862, -4.473370, 0.614737, 2.965308
6.370195, -4.459736, 0.646351, 2.965638
6.421585, -4.430128, 0.709228, 2.966288
6.446593, -4.414176, 0.740496, 2.966609
6.471095, -4.397451, 0.772023, 2.966926
6.518531, -4.361808, 0.834752, 2.967552
6.541418, -4.342919, 0.865956, 2.967861
6.563703, -4.323318, 0.897427, 2.968167
6.585391, -4.303054, 0.928609, 2.968469
6.606432, -4.282114, 0.960061, 2.968769
6.626834, -4.260548, 0.991226, 2.969066
6.646547, -4.238346, 1.022663, 2.969360
6.665582, -4.215556, 1.053816, 2.969652
6.683951, -4.192222, 1.084230, 2.969940
6.718744, -4.144083, 1.141431, 2.970509
6.735200, -4.119352, 1.167673, 2.970790
6.751053, -4.094227, 1.192064, 2.971068
6.766325, -4.068743, 1.214446, 2.971343
6.781043, -4.042930, 1.234693, 2.971615
6.808932, -3.990448, 1.268396, 2.972153
6.822171, -3.963838, 1.281710, 2.972417
6.847429, -3.910021, 1.301015, 2.972940
6.859534, -3.882867, 1.306939, 2.973197
6.871351, -3.855585, 1.310348, 2.973452
6.882930, -3.828197, 1.311225, 2.973704
6.894323, -3.800729, 1.309559, 2.973954
6.905582, -3.773203, 1.305343, 2.974202
6.916763, -3.745643, 1.298571, 2.974447
6.927923, -3.718072, 1.289241, 2.974690
6.939120, -3.690512, 1.277352, 2.974931
6.950339, -3.662960, 1.263918, 2.975169
6.961570, -3.635409, 1.249765, 2.975406
6.972809, -3.607859, 1.235569, 2.975640
6.984052, -3.580309, 1.221880, 2.975871
6.995295, -3.552755, 1.209142, 2.976101
7.006532, -3.525198, 1.197715, 2.976328
7.028961, -3.470056, 1.179896, 2.976776
7.040129, -3.442462, 1.173920, 2.976997
7.051244, -3.414845, 1.170108, 2.977216
7.062286, -3.387196, 1.168574, 2.977432
7.073231, -3.359507, 1.169410, 2.977647
7.084051, -3.331766, 1.172682, 2.977860
7.105191, -3.276085, 1.186738, 2.978279
7.115436, -3.248120, 1.197590, 2.978485
7.125412, -3.220055, 1.211020, 2.978690
7.135074, -3.191879, 1.227043, 2.978892
7.153261, -3.135144, 1.266899, 2.979292
7.161683, -3.106566, 1.290738, 2.979489
7.169661, -3.077859, 1.316172, 2.979684
7.177131, -3.049014, 1.343383, 2.979877
7.190527, -2.990942, 1.400859, 2.980258
7.196397, -2.961724, 1.430670, 2.980446
7.201651, -2.932386, 1.461337, 2.980632
7.206303, -2.902945, 1.492168, 2.980816
7.213844, -2.843809, 1.552181, 2.981179
7.216755, -2.814139, 1.580533, 2.981358
7.219111, -2.784419, 1.607360, 2.981535
7.222224, -2.724870, 1.655523, 2.981885
7.223022, -2.695062, 1.676512, 2.982057
7.223346, -2.665243, 1.695267, 2.982228
7.222696, -2.605602, 1.725714, 2.982564
7.221789, -2.575790, 1.737276, 2.982730
7.220547, -2.545988, 1.746334, 2.982894
7.219010, -2.516199, 1.752856, 2.983057
7.217225, -2.486422, 1.756818, 2.983218
7.215238, -2.456656, 1.758204, 2.983378
7.213100, -2.426899, 1.757002, 2.983536
7.210864, -2.397148, 1.753207, 2.983692
7.208503, -2.367404, 1.747827, 2.983847
7.203656, -2.307923, 1.731603, 2.984153
7.201213, -2.278182, 1.721495, 2.984304
7.198816, -2.248435, 1.710067, 2.984453
7.196448, -2.218684, 1.698096, 2.984601
7.194179, -2.188925, 1.685205, 2.984748
7.191990, -2.159158, 1.672095, 2.984893
7.189869, -2.129384, 1.659342, 2.985036
7.187803, -2.099605, 1.647409, 2.985179
7.185780, -2.069822, 1.636676, 2.985319
7.183785, -2.040036, 1.627447, 2.985459
7.181802, -2.010247, 1.619969, 2.985597
7.179813, -1.980458, 1.614439, 2.985734
7.177875, -1.950663, 1.609999, 2.985870
7.174026, -1.891069, 1.605573, 2.986138
7.172051, -1.861273, 1.606039, 2.986269
7.169996, -1.831481, 1.608521, 2.986400
7.167826, -1.801696, 1.613149, 2.986529
7.165581, -1.771915, 1.619015, 2.986657
7.163215, -1.742142, 1.626384, 2.986784
7.160681, -1.712382, 1.635475, 2.986910
7.150757, -1.682172, 1.639004, 2.986972
7.140833, -1.651962, 1.642533, 2.987034
7.130909, -1.621752, 1.646062, 2.987095
7.120985, -1.591541, 1.649591, 2.987157
7.111060, -1.561331, 1.653120, 2.987219
7.101136, -1.531121, 1.656649, 2.987281
7.091212, -1.500911, 1.660178, 2.987342
7.081288, -1.470701, 1.663707, 2.987404
7.071364, -1.440491, 1.667236, 2.987466
7.061440, -1.410281, 1.670765, 2.987528
7.051516, -1.380071, 1.674294, 2.987590
7.041592, -1.349860, 1.677823, 2.987651
7.031667, -1.319650, 1.681352, 2.987713
7.021743, -1.289440, 1.684881, 2.987775
7.011819, -1.259230, 1.688410, 2.987837
7.001895, -1.229020, 1.691939, 2.987899
6.991971, -1.198810, 1.695468, 2.987960
6.982047, -1.168600, 1.698996, 2.988022
6.972123, -1.138389, 1.702525, 2.988084
6.962199, -1.108179, 1.706054, 2.988146
6.952275, -1.077969, 1.709583, 2.988207
6.942350, -1.047759, 1.713112, 2.988269
6.932426, -1.017549, 1.716641, 2.988331
6.922502, -0.987339, 1.720170, 2.988393
6.912578, -0.957129, 1.723699, 2.988455
6.902654, -0.926919, 1.727228, 2.988516
6.892730, -0.896708, 1.730757, 2.988578
6.882806, -0.866498, 1.734286, 2.988640
6.872882, -0.836288, 1.737815, 2.988702
6.862957, -0.806078, 1.741344, 2.988763
6.853033, -0.775868, 1.744873, 2.988825
6.843109, -0.745658, 1.748402, 2.988887
6.833185, -0.715448, 1.751931, 2.988949
6.823261, -0.685237, 1.755460, 2.989011
6.813337, -0.655027, 1.758989, 2.989072
6.803413, -0.624817, 1.762518, 2.989134
6.793489, -0.594607, 1.766047, 2.989196
6.783565, -0.564397, 1.769576, 2.989258
6.773640, -0.534187, 1.773105, 2.989320
6.763716, -0.503977, 1.776634, 2.989381
6.753792, -0.473767, 1.780163, 2.989443
6.743868, -0.443556, 1.783692, 2.989505
6.733944, -0.413346, 1.787221, 2.989567
6.724020, -0.383136, 1.790750, 2.989628
6.714096, -0.352926, 1.794279, 2.989690
6.704172, -0.322716, 1.797808, 2.989752
6.694247, -0.292506, 1.801337, 2.989814
6.684323, -0.262296, 1.804866, 2.989876
6.674399, -0.232085, 1.808395, 2.989937
6.664475, -0.201875, 1.811924, 2.989999
6.654551, -0.171665, 1.815453, 2.990061
6.644627, -0.141455, 1.818982, 2.990123
6.634703, -0.111245, 1.822511, 2.990184
6.624779, -0.081035, 1.826039, 2.990246
6.614855, -0.050825, 1.829568, 2.990308
6.604930, -0.020614, 1.833097, 2.990370
6.595006, 0.009596, 1.836626, 2.990432
6.585082, 0.039806, 1.840155, 2.990493
6.575158, 0.070016, 1.843684, 2.990555
6.565234, 0.100226, 1.847213, 2.990617
6.555310, 0.130436, 1.850742, 2.990679
6.545386, 0.160646, 1.854271, 2.990740
6.535462, 0.190856, 1.857800, 2.990802
6.525537, 0.221067, 1.861329, 2.990864
6.515613, 0.251277, 1.864858, 2.990926
6.505689, 0.281487, 1.868387, 2.990988
6.495765, 0.311697, 1.871916, 2.991049
6.485841, 0.341907, 1.875445, 2.991111
6.475917, 0.372117, 1.878974, 2.991173
6.465993, 0.402327, 1.882503, 2.991235
6.456069, 0.432538, 1.886032, 2.991297
6.446145, 0.462748, 1.889561, 2.991358
6.436220, 0.492958, 1.893090, 2.991420
6.426296, 0.523168, 1.896619, 2.991482
6.416372, 0.553378, 1.900148, 2.991544
6.406448, 0.583588, 1.903677, 2.991605
6.396524, 0.613798, 1.907206, 2.991667
6.386600, 0.644008, 1.910735, 2.991729
6.376676, 0.674219, 1.914264, 2.991791
6.366752, 0.704429, 1.917793, 2.991853
6.356827, 0.734639, 1.921322, 2.991914
6.346903, 0.764849, 1.924851, 2.991976
6.336979, 0.795059, 1.928380, 2.992038
6.327055, 0.825269, 1.931909, 2.992100
6.317131, 0.855479, 1.935438, 2.992161
6.307207, 0.885690, 1.938967, 2.992223
6.297283, 0.915900, 1.942496, 2.992285
6.287359, 0.946110, 1.946025, 2.992347
6.277435, 0.976320, 1.949554, 2.992409
6.267510, 1.006530, 1.953082, 2.992470
6.257586, 1.036740, 1.956611, 2.992532
6.247662, 1.066950, 1.960140, 2.992594
6.237738, 1.097160, 1.963669, 2.992656
6.227814, 1.127371, 1.967198, 2.992718
6.217890, 1.157581, 1.970727, 2.992779
6.207966, 1.187791, 1.974256, 2.992841
6.198042, 1.218001, 1.977785, 2.992903
6.188118, 1.248211, 1.981314, 2.992965
6.178193, 1.278421, 1.984843, 2.993026
6.168269, 1.308631, 1.988372, 2.993088
6.158345, 1.338842, 1.991901, 2.993150
6.148421, 1.369052, 1.995430, 2.993212
6.138497, 1.399262, 1.998959, 2.993274
6.128573, 1.429472, 2.002488, 2.993335
6.118649, 1.459682, 2.006017, 2.993397
6.108725, 1.489892, 2.009546, 2.993459
6.098800, 1.520102, 2.013075, 2.993521
6.088876, 1.550312, 2.016604, 2.993582
6.078952, 1.580523, 2.020133, 2.993644
6.069028, 1.610733, 2.023662, 2.993706
6.059104, 1.640943, 2.027191, 2.993768
6.049180, 1.671153, 2.030720, 2.993830
6.039256, 1.701363, 2.034249, 2.993891
6.029332, 1.731573, 2.037778, 2.993953
6.019408, 1.761783, 2.041307, 2.994015
6.009483, 1.791994, 2.044836, 2.994077
5.999559, 1.822204, 2.048365, 2.994139
5.989635, 1.852414, 2.051894, 2.994200
5.979711, 1.882624, 2.055423, 2.994262
5.969787, 1.912834, 2.058952, 2.994324
5.959863, 1.943044, 2.062481, 2.994386
5.949939, 1.973254, 2.066010, 2.994447
5.940015, 2.003464, 2.069539, 2.994509
5.930090, 2.033675, 2.073068, 2.994571
5.920166, 2.063885, 2.076597, 2.994633
5.910242, 2.094095, 2.080125, 2.994695
5.900318, 2.124305, 2.083654, 2.994756
5.890394, 2.154515, 2.087183, 2.994818
5.880470, 2.184725, 2.090712, 2.994880
5.870546, 2.214935, 2.094241, 2.994942
5.860622, 2.245146, 2.097770, 2.995003
5.850698, 2.275356, 2.101299, 2.995065
5.840773, 2.305566, 2.104828, 2.995127
5.830849, 2.335776, 2.108357, 2.995189
5.820925, 2.365986, 2.111886, 2.995251
5.811001, 2.396196, 2.115415, 2.995312
5.801077, 2.426406, 2.118944, 2.995374
5.791153, 2.456617, 2.122473, 2.995436
5.781229, 2.486827, 2.126002, 2.995498
5.771305, 2.517037, 2.129531, 2.995559
5.761380, 2.547247, 2.133060, 2.995621
5.751456, 2.577457, 2.136589, 2.995683
5.741532, 2.607667, 2.140118, 2.995745
5.731608, 2.637877, 2.143647, 2.995807
5.721684, 2.668087, 2.147176, 2.995868
5.711760, 2.698298, 2.150705, 2.995930
5.701836, 2.728508, 2.154234, 2.995992
5.691912, 2.758718, 2.157763, 2.996054
5.681988, 2.788928, 2.161292, 2.996116
5.672063, 2.819138, 2.164821, 2.996177
5.662139, 2.849348, 2.168350, 2.996239
5.652215, 2.879558, 2.171879, 2.996301
5.642291, 2.909769, 2.175408, 2.996363
5.632367, 2.939979, 2.178937, 2.996424
5.622443, 2.970189, 2.182466, 2.996486
5.612519, 3.000399, 2.185995, 2.996548
5.602595, 3.030609, 2.189524, 2.996610
5.592670, 3.060819, 2.193053, 2.996672
5.582746, 3.091029, 2.196582, 2.996733
5.572822, 3.121239, 2.200111, 2.996795
5.562898, 3.151450, 2.203640, 2.996857
5.552974, 3.181660, 2.207168, 2.996919
5.543050, 3.211870, 2.210697, 2.996980
5.533126, 3.242080, 2.214226, 2.997042
5.523202, 3.272290, 2.217755, 2.997104
5.513278, 3.302500, 2.221284, 2.997166
5.503353, 3.332710, 2.224813, 2.997228
5.493429, 3.362921, 2.228342, 2.997289
5.483505, 3.393131, 2.231871, 2.997351
5.473581, 3.423341, 2.235400, 2.997413
5.463657, 3.453551, 2.238929, 2.997475
5.453733, 3.483761, 2.242458, 2.997537
5.443809, 3.513971, 2.245987, 2.997598
5.433885, 3.544181, 2.249516, 2.997660
5.423960, 3.574391, 2.253045, 2.997722
5.414036, 3.604602, 2.256574, 2.997784
5.404112, 3.634812, 2.260103, 2.997845
5.394188, 3.665022, 2.263632, 2.997907
5.384264, 3.695232, 2.267161, 2.997969
5.384264, 3.695232, 2.267161, 2.997969
5.364091, 3.717410, 2.288751, 2.997988
5.343597, 3.739291, 2.312960, 2.998007
5.322800, 3.760884, 2.338770, 2.998026
5.301655, 3.782138, 2.366360, 2.998045
5.280178, 3.803056, 2.394865, 2.998064
5.258324, 3.823580, 2.424589, 2.998082
5.236109, 3.843714, 2.454770, 2.998100
5.190492, 3.882626, 2.516983, 2.998136
5.167073, 3.901347, 2.548774, 2.998154
5.143257, 3.919558, 2.580527, 2.998172
5.119015, 3.937200, 2.612730, 2.998189
5.094371, 3.954276, 2.644772, 2.998206
5.043841, 3.986554, 2.709327, 2.998240
5.017967, 4.001703, 2.741782, 2.998257
4.991713, 4.016183, 2.773955, 2.998274
4.965068, 4.029932, 2.806390, 2.998290
4.938067, 4.042967, 2.838519, 2.998306
4.910705, 4.055227, 2.870893, 2.998322
4.855003, 4.077420, 2.935244, 2.998354
4.826700, 4.087316, 2.967217, 2.998370
4.798114, 4.096364, 2.999425, 2.998385
4.769280, 4.104589, 3.031313, 2.998401
4.740210, 4.111935, 3.063438, 2.998416
4.710938, 4.118432, 3.095247, 2.998431
4.681481, 4.124027, 3.127296, 2.998446
4.651871, 4.128751, -3.124153, 2.998461
4.622138, 4.132634, -3.093183, 2.998475
4.592311, 4.135705, -3.063352, 2.998490
4.562414, 4.137993, -3.034960, 2.998504
4.532468, 4.139528, -3.008251, 2.998518
4.472509, 4.140475, -2.960634, 2.998546
4.442528, 4.139958, -2.940012, 2.998560
4.412564, 4.138833, -2.921658, 2.998574
4.382626, 4.137142, -2.905651, 2.998587
4.352721, 4.134929, -2.892054, 2.998601
4.322856, 4.132242, -2.880917, 2.998614
4.293032, 4.129129, -2.872276, 2.998627
4.263249, 4.125642, -2.866159, 2.998640
4.233506, 4.121833, -2.862588, 2.998653
4.203797, 4.117759, -2.861578, 2.998666
4.174118, 4.113475, -2.863140, 2.998679
4.144473, 4.108960, -2.866266, 2.998691
4.114854, 4.104279, -2.871145, 2.998704
4.085263, 4.099418, -2.876919, 2.998716
4.055691, 4.094446, -2.883898, 2.998728
4.026141, 4.089347, -2.891324, 2.998740
3.996614, 4.084113, -2.898579, 2.998752
3.967098, 4.078814, -2.906172, 2.998764
3.937583, 4.073513, -2.914523, 2.998776
3.908071, 4.068191, -2.922962, 2.998788
3.878565, 4.062833, -2.930944, 2.998799
3.849070, 4.057423, -2.938025, 2.998811
3.819572, 4.052024, -2.944856, 2.998822
3.790061, 4.046693, -2.951976, 2.998833
3.731022, 4.036127, -2.964895, 2.998855
3.701489, 4.030921, -2.970860, 2.998866
3.671948, 4.025756, -2.976213, 2.998877
3.642406, 4.020602, -2.980550, 2.998888
3.612852, 4.015511, -2.984559, 2.998898
3.583294, 4.010449, -2.987788, 2.998909
3.553736, 4.005382, -2.989870, 2.998919
3.524184, 4.000280, -2.990506, 2.998929
3.494630, 3.995188, -2.990468, 2.998939
3.465081, 3.990066, -2.989375, 2.998950
3.435530, 3.984956, -2.987931, 2.998960
3.405985, 3.979815, -2.985698, 2.998969
3.376438, 3.974679, -2.983334, 2.998979
3.346884, 3.969582, -2.981375, 2.998989
3.317332, 3.964476, -2.979247, 2.998999
3.287790, 3.959316, -2.976480, 2.999008
3.258263, 3.954062, -2.972689, 2.999018
3.228747, 3.948753, -2.968571, 2.999027
3.199248, 3.943344, -2.963687, 2.999036
3.169761, 3.937872, -2.958690, 2.999045
3.140280, 3.932369, -2.954114, 2.999054
3.110814, 3.926788, -2.949383, 2.999063
3.051900, 3.915520, -2.941521, 2.999081
2.992988, 3.904242, -2.937331, 2.999098
2.963534, 3.898593, -2.936358, 2.999107
2.934087, 3.892904, -2.935606, 2.999116
2.904640, 3.887218, -2.935538, 2.999124
2.875201, 3.881492, -2.935520, 2.999132
2.845776, 3.875691, -2.935034, 2.999141
2.816356, 3.869861, -2.934668, 2.999149
2.786935, 3.864042, -2.934904, 2.999157
2.757519, 3.858193, -2.935125, 2.999165
2.728116, 3.852278, -2.934823, 2.999173
2.698718, 3.846343, -2.934598, 2.999181
2.639964, 3.834260, -2.932384, 2.999196
2.610607, 3.828123, -2.930633, 2.999204
2.581268, 3.821897, -2.928206, 2.999211
2.551939, 3.815624, -2.925735, 2.999219
2.522612, 3.809342, -2.923736, 2.999226
2.493297, 3.803007, -2.921619, 2.999234
2.464001, 3.796577, -2.918900, 2.999241
2.405455, 3.783521, -2.913002, 2.999255
2.376204, 3.776893, -2.909913, 2.999262
2.346975, 3.770168, -2.906407, 2.999269
2.288548, 3.756584, -2.900379, 2.999283
2.259352, 3.749714, -2.897712, 2.999290
2.228742, 3.736477, -2.891507, 2.999294
2.198132, 3.723240, -2.885302, 2.999299
2.167522, 3.710002, -2.879097, 2.999303
2.136913, 3.696765, -2.872892, 2.999308
2.106303, 3.683528, -2.866687, 2.999312
2.075693, 3.670291, -2.860483, 2.999317
2.045083, 3.657054, -2.854278, 2.999321
2.014473, 3.643817, -2.848073, 2.999326
1.983863, 3.630580, -2.841868, 2.999330
1.953253, 3.617342, -2.835663, 2.999335
1.922644, 3.604105, -2.829458, 2.999339
1.892034, 3.590868, -2.823253, 2.999344
1.861424, 3.577631, -2.817048, 2.999348
1.830814, 3.564394, -2.810843, 2.999353
1.800204, 3.551156, -2.804638, 2.999357
1.769594, 3.537919, -2.798433, 2.999362
1.738985, 3.524682, -2.792228, 2.999366
1.708375, 3.511445, -2.786024, 2.999371
1.677765, 3.498208, -2.779819, 2.999375
1.647155, 3.484971, -2.773614, 2.999380
1.616545, 3.471734, -2.767409, 2.999384
1.585935, 3.458496, -2.761204, 2.999389
1.555325, 3.445259, -2.754999, 2.999393
1.524716, 3.432022, -2.748794, 2.999398
1.494106, 3.418785, -2.742589, 2.999402
1.463496, 3.405548, -2.736384, 2.999407
1.432886, 3.392311, -2.730179, 2.999411
1.402276, 3.379073, -2.723974, 2.999416
1.371666, 3.365836, -2.717770, 2.999420
1.341056, 3.352599, -2.711565, 2.999424
1.310447, 3.339362, -2.705360, 2.999429
1.279837, 3.326125, -2.699155, 2.999433
1.249227, 3.312887, -2.692950, 2.999438
1.218617, 3.299650, -2.686745, 2.999442
1.188007, 3.286413, -2.680540, 2.999447
1.157397, 3.273176, -2.674335, 2.999451
1.126788, 3.259939, -2.668130, 2.999456
1.096178, 3.246702, -2.661925, 2.999460
1.065568, 3.233465, -2.655720, 2.999465
1.034958, 3.220227, -2.649516, 2.999469
1.004348, 3.206990, -2.643311, 2.999474
0.973738, 3.193753, -2.637106, 2.999478
0.943128, 3.180516, -2.630901, 2.999483
0.912519, 3.167279, -2.624696, 2.999487
0.881909, 3.154041, -2.618491, 2.999492
0.851299, 3.140804, -2.612286, 2.999496
0.820689, 3.127567, -2.606081, 2.999501
0.790079, 3.114330, -2.599876, 2.999505
0.759469, 3.101093, -2.593671, 2.999510
0.728859, 3.087856, -2.587466, 2.999514
0.698250, 3.074619, -2.581261, 2.999519
0.667640, 3.061381, -2.575057, 2.999523
0.637030, 3.048144, -2.568852, 2.999528
0.606420, 3.034907, -2.562647, 2.999532
0.575810, 3.021670, -2.556442, 2.999537
0.545200, 3.008433, -2.550237, 2.999541
0.514591, 2.995196, -2.544032, 2.999545
0.483981, 2.981958, -2.537827, 2.999550
0.453371, 2.968721, -2.531622, 2.999554
0.422761, 2.955484, -2.525417, 2.999559
0.392151, 2.942247, -2.519212, 2.999563
0.361541, 2.929010, -2.513007, 2.999568
0.330931, 2.915773, -2.506803, 2.999572
0.300322, 2.902535, -2.500598, 2.999577
0.269712, 2.889298, -2.494393, 2.999581
0.239102, 2.876061, -2.488188, 2.999586
0.208492, 2.862824, -2.481983, 2.999590
0.177882, 2.849587, -2.475778, 2.999595
0.147272, 2.836350, -2.469573, 2.999599
0.116662, 2.823112, -2.463368, 2.999604
0.086053, 2.809875, -2.457163, 2.999608
0.055443, 2.796638, -2.450958, 2.999613
0.024833, 2.783401, -2.444753, 2.999617
-0.005777, 2.770164, -2.438548, 2.999622
-0.036387, 2.756927, -2.432344, 2.999626
-0.066997, 2.743689, -2.426139, 2.999631
-0.097607, 2.730452, -2.419934, 2.999635
-0.128216, 2.717215, -2.413729, 2.999640
-0.158826, 2.703978, -2.407524, 2.999644
-0.189436, 2.690741, -2.401319, 2.999649
-0.220046, 2.677504, -2.395114, 2.999653
-0.250656, 2.664266, -2.388909, 2.999658
-0.281266, 2.651029, -2.382704, 2.999662
-0.311875, 2.637792, -2.376499, 2.999667
-0.342485, 2.624555, -2.370294, 2.999671
-0.373095, 2.611318, -2.364090, 2.999675
-0.403705, 2.598081, -2.357885, 2.999680
-0.434315, 2.584843, -2.351680, 2.999684
-0.464925, 2.571606, -2.345475, 2.999689
-0.495535, 2.558369, -2.339270, 2.999693
-0.526144, 2.545132, -2.333065, 2.999698
-0.556754, 2.531895, -2.326860, 2.999702
-0.587364, 2.518658, -2.320655, 2.999707
-0.617974, 2.505420, -2.314450, 2.999711
-0.648584, 2.492183, -2.308245, 2.999716
-0.679194, 2.478946, -2.302040, 2.999720
-0.709804, 2.465709, -2.295836, 2.999725
-0.740413, 2.452472, -2.289631, 2.999729
-0.771023, 2.439235, -2.283426, 2.999734
-0.801633, 2.425997, -2.277221, 2.999738
-0.832243, 2.412760, -2.271016, 2.999743
-0.862853, 2.399523, -2.264811, 2.999747
-0.893463, 2.386286, -2.258606, 2.999752
-0.924072, 2.373049, -2.252401, 2.999756
-0.954682, 2.359812, -2.246196, 2.999761
-0.985292, 2.346574, -2.239991, 2.999765
-1.015902, 2.333337, -2.233786, 2.999770
-1.046512, 2.320100, -2.227581, 2.999774
-1.077122, 2.306863, -2.221377, 2.999779
-1.107732, 2.293626, -2.215172, 2.999783
-1.138341, 2.280388, -2.208967, 2.999788
-1.168951, 2.267151, -2.202762, 2.999792
-1.199561, 2.253914, -2.196557, 2.999797
-1.230171, 2.240677, -2.190352, 2.999801
-1.230171, 2.240677, -2.190352, 2.999801
-1.247492, 2.216185, -2.213408, 2.999803
-1.265037, 2.191853, -2.235149, 2.999805
-1.282801, 2.167680, -2.255282, 2.999806
-1.300775, 2.143663, -2.273571, 2.999808
-1.318948, 2.119796, -2.289829, 2.999810
-1.355830, 2.072476, -2.315689, 2.999814
-1.374503, 2.048998, -2.325083, 2.999815
-1.393300, 2.025619, -2.332018, 2.999817
-1.431163, 1.979080, -2.338314, 2.999821
-1.450171, 1.955872, -2.337604, 2.999822
-1.469186, 1.932671, -2.334294, 2.999824
-1.488174, 1.909446, -2.328367, 2.999826
-1.507096, 1.886169, -2.319817, 2.999827
-1.525913, 1.862806, -2.308638, 2.999829
-1.544582, 1.839325, -2.294829, 2.999831
-1.563060, 1.815693, -2.278392, 2.999832
-1.581298, 1.791876, -2.259328, 2.999834
-1.599248, 1.767840, -2.237642, 2.999835
-1.616857, 1.743554, -2.213339, 2.999837
-1.634137, 1.719032, -2.187437, 2.999839
-1.651026, 1.694240, -2.159759, 2.999840
-1.667531, 1.669190, -2.131169, 2.999842
-1.683585, 1.643849, -2.101365, 2.999843
-1.699194, 1.618231, -2.071107, 2.999845
-1.714289, 1.592307, -2.040006, 2.999846
-1.728875, 1.566094, -2.008752, 2.999848
-1.742885, 1.539568, -1.976897, 2.999849
-1.756326, 1.512749, -1.945083, 2.999850
-1.769130, 1.485620, -1.912822, 2.999852
-1.781306, 1.458204, -1.880726, 2.999853
-1.803594, 1.402505, -1.816073, 2.999856
-1.813654, 1.374244, -1.783574, 2.999857
-1.822988, 1.345734, -1.751358, 2.999859
-1.831533, 1.316978, -1.718884, 2.999860
-1.839310, 1.288005, -1.686717, 2.999861
-1.846260, 1.258823, -1.654308, 2.999863
-1.852406, 1.229461, -1.622218, 2.999864
-1.857692, 1.199931, -1.589893, 2.999865
-1.862147, 1.170265, -1.557890, 2.999867
-1.865715, 1.140480, -1.525654, 2.999868
-1.868427, 1.110604, -1.493739, 2.999869
-1.870233, 1.080660, -1.461588, 2.999870
-1.871167, 1.050675, -1.429756, 2.999872
-1.871179, 1.020677, -1.397683, 2.999873
-1.870308, 0.990691, -1.365925, 2.999874
-1.868506, 0.960746, -1.333921, 2.999875
-1.865814, 0.930868, -1.302227, 2.999876
-1.862189, 0.901089, -1.270282, 2.999878
-1.857673, 0.871432, -1.238643, 2.999879
-1.852225, 0.841932, -1.206749, 2.999880
-1.845890, 0.812610, -1.175156, 2.999881
-1.838631, 0.783503, -1.143304, 2.999882
-1.830492, 0.754629, -1.111749, 2.999883
-1.821440, 0.726029, -1.079932, 2.999884
-1.800707, 0.669735, -1.016620, 2.999887
-1.789043, 0.642097, -0.985122, 2.999888
-1.776503, 0.614845, -0.953356, 2.999889
-1.763134, 0.587989, -0.921879, 2.999890
-1.733889, 0.535610, -0.858671, 2.999892
-1.718041, 0.510139, -0.826939, 2.999893
-1.701418, 0.485166, -0.795492, 2.999894
-1.684003, 0.460740, -0.763772, 2.999895
-1.665845, 0.436861, -0.732336, 2.999896
-1.646930, 0.413576, -0.700625, 2.999897
-1.627308, 0.390885, -0.669197, 2.999898
-1.606966, 0.368836, -0.637494, 2.999899
-1.585956, 0.347423, -0.606073, 2.999900
-1.541953, 0.306648, -0.542959, 2.999902
-1.519003, 0.287328, -0.511267, 2.999903
-1.495470, 0.268723, -0.479855, 2.999904
-1.471350, 0.250886, -0.448166, 2.999905
-1.446692, 0.233800, -0.416758, 2.999905
-1.421497, 0.217517, -0.385072, 2.999906
-1.395812, 0.202018, -0.353666, 2.999907
-1.369680, 0.187284, -0.322996, 2.999908
-1.343142, 0.173296, -0.293434, 2.999909
-1.316234, 0.160033, -0.265285, 2.999910
-1.288990, 0.147474, -0.238795, 2.999911
-1.261444, 0.135594, -0.214163, 2.999912
-1.233626, 0.124364, -0.191551, 2.999912
-1.205565, 0.113755, -0.171086, 2.999913
-1.177290, 0.103732, -0.152873, 2.999914
-1.148826, 0.094258, -0.136992, 2.999915
-1.120198, 0.085293, -0.123509, 2.999916
-1.091427, 0.076795, -0.112472, 2.999917
-1.062536, 0.068718, -0.103921, 2.999917
-1.033544, 0.061012, -0.097886, 2.999918
-1.004467, 0.053628, -0.094387, 2.999919
-0.975325, 0.046510, -0.093443, 2.999920
-0.946131, 0.039605, -0.095063, 2.999920
-0.916902, 0.032854, -0.099255, 2.999921
-0.858391, 0.019577, -0.115375, 2.999923
-0.829137, 0.012928, -0.127306, 2.999923
-0.799905, 0.006188, -0.141817, 2.999924
-0.770709, -0.000706, -0.158907, 2.999925
-0.712416, -0.014912, -0.196944, 2.999926
-0.683319, -0.022214, -0.216380, 2.999927
-0.654255, -0.029646, -0.235315, 2.999928
-0.625224, -0.037206, -0.253299, 2.999928
-0.596226, -0.044891, -0.269969, 2.999929
-0.567260, -0.052695, -0.285032, 2.999930
-0.538323, -0.060609, -0.298252, 2.999930
-0.480526, -0.076712, -0.318455, 2.999932
-0.451656, -0.084866, -0.325172, 2.999932
-0.422796, -0.093057, -0.329502, 2.999933
-0.393940, -0.101258, -0.331376, 2.999934
-0.365077, -0.109438, -0.330739, 2.999934
-0.336199, -0.117562, -0.327551, 2.999935
-0.307294, -0.125592, -0.321783, 2.999935
-0.278352, -0.133487, -0.313415, 2.999936
-0.249362, -0.141202, -0.302432, 2.999937
-0.191193, -0.155902, -0.272593, 2.999938
-0.161993, -0.162783, -0.253730, 2.999939
-0.132705, -0.169279, -0.232239, 2.999939
-0.103323, -0.175332, -0.208123, 2.999940
-0.073857, -0.180961, -0.182399, 2.999940
-0.044300, -0.186099, -0.154887, 2.999941
-0.014665, -0.190760, -0.126453, 2.999941
0.015051, -0.194870, -0.096794, 2.999942
0.044837, -0.198444, -0.066670, 2.999942
0.074690, -0.201407, -0.035692, 2.999943
0.104596, -0.203775, -0.004551, 2.999944
0.134547, -0.205476, 0.027202, 2.999944
0.164528, -0.206526, 0.058922, 2.999945
0.224523, -0.206728, 0.120260, 2.999946
0.284478, -0.204494, 0.176335, 2.999947
0.314411, -0.202506, 0.201729, 2.999947
0.344303, -0.199966, 0.225105, 2.999948
0.374145, -0.196898, 0.246319, 2.999948
0.403932, -0.193331, 0.265258, 2.999949
0.433659, -0.189297, 0.281833, 2.999949
0.463324, -0.184830, 0.295974, 2.999950
0.492927, -0.179968, 0.307629, 2.999950
0.522469, -0.174753, 0.316757, 2.999951
0.551956, -0.169227, 0.323328, 2.999951
0.581391, -0.163438, 0.327322, 2.999952
0.610784, -0.157433, 0.328722, 2.999952
0.640142, -0.151264, 0.327520, 2.999952
0.669477, -0.144983, 0.323709, 2.999953
0.698799, -0.138646, 0.317287, 2.999953
0.757407, -0.125798, 0.299465, 2.999954
0.786702, -0.119336, 0.288746, 2.999955
0.816005, -0.112911, 0.276802, 2.999955
0.874675, -0.100351, 0.249290, 2.999956
0.904035, -0.094188, 0.235187, 2.999956
0.933408, -0.088088, 0.221610, 2.999957
0.962792, -0.082043, 0.208996, 2.999957
0.992185, -0.076042, 0.197699, 2.999958
1.050988, -0.064119, 0.180147, 2.999958
1.109788, -0.052188, 0.170626, 2.999959
1.139177, -0.046163, 0.169226, 2.999960
1.168550, -0.040063, 0.170195, 2.999960
1.197900, -0.033855, 0.173603, 2.999960
1.227237, -0.027584, 0.178491, 2.999961
1.256567, -0.021284, 0.184070, 2.999961
1.285881, -0.014905, 0.190706, 2.999961
1.315184, -0.008479, 0.197687, 2.999962
1.344483, -0.002031, 0.204428, 2.999962
1.373764, 0.004494, 0.211466, 2.999963
1.432301, 0.017661, 0.224244, 2.999963
1.461549, 0.024332, 0.230150, 2.999964
1.490769, 0.031126, 0.236462, 2.999964
1.519969, 0.038010, 0.242594, 2.999964
1.549136, 0.045029, 0.249079, 2.999965
1.578278, 0.052150, 0.255339, 2.999965
1.607403, 0.059339, 0.260902, 2.999965
1.665575, 0.074035, 0.271327, 2.999966
1.694638, 0.081474, 0.275285, 2.999966
1.723696, 0.088929, 0.277938, 2.999967
1.752738, 0.096448, 0.280031, 2.999967
1.781774, 0.103993, 0.281162, 2.999967
1.810813, 0.111525, 0.281002, 2.999968
1.839843, 0.119088, 0.280298, 2.999968
1.868857, 0.126715, 0.279662, 2.999968
1.897866, 0.134362, 0.278581, 2.999968
1.926861, 0.142062, 0.277649, 2.999969
1.955853, 0.149771, 0.276340, 2.999969
1.984834, 0.157523, 0.275233, 2.999969
2.013794, 0.165350, 0.274804, 2.999970
2.042747, 0.173205, 0.274429, 2.999970
2.071704, 0.181046, 0.273593, 2.999970
2.100655, 0.188911, 0.272889, 2.999971
2.129610, 0.196758, 0.271791, 2.999971
2.187557, 0.212317, 0.267774, 2.999971
2.216549, 0.220027, 0.265043, 2.999972
2.245547, 0.227716, 0.262301, 2.999972
2.274541, 0.235417, 0.260061, 2.999972
2.303545, 0.243083, 0.257730, 2.999972
2.332568, 0.250673, 0.254821, 2.999973
2.361622, 0.258149, 0.250935, 2.999973
2.419796, 0.272834, 0.241848, 2.999973
2.448918, 0.280039, 0.236844, 2.999974
2.507243, 0.294114, 0.225727, 2.999974
2.536429, 0.301052, 0.220736, 2.999974
2.565640, 0.307888, 0.215691, 2.999975
2.574793, 0.283769, 0.213040, 2.999975
2.583946, 0.259651, 0.210389, 2.999975
2.593099, 0.235532, 0.207738, 2.999975
2.602252, 0.211414, 0.205087, 2.999975
2.611405, 0.187295, 0.202435, 2.999976
2.620558, 0.163177, 0.199784, 2.999976
2.629712, 0.139058, 0.197133, 2.999976
2.638865, 0.114940, 0.194482, 2.999976
2.648018, 0.090821, 0.191831, 2.999976
2.657171, 0.066703, 0.189180, 2.999976
2.666324, 0.042584, 0.186529, 2.999976
2.675477, 0.018466, 0.183878, 2.999976
2.684630, -0.005653, 0.181227, 2.999977
2.693783, -0.029771, 0.178576, 2.999977
2.702936, -0.053890, 0.175924, 2.999977
2.712089, -0.078008, 0.173273, 2.999977
2.721242, -0.102127, 0.170622, 2.999977
2.730395, -0.126245, 0.167971, 2.999977
2.739548, -0.150364, 0.165320, 2.999977
2.748701, -0.174482, 0.162669, 2.999977
2.757855, -0.198601, 0.160018, 2.999977
2.767008, -0.222719, 0.157367, 2.999978
2.776161, -0.246838, 0.154716, 2.999978
2.785314, -0.270956, 0.152065, 2.999978
2.794467, -0.295075, 0.149413, 2.999978
2.803620, -0.319193, 0.146762, 2.999978
2.812773, -0.343312, 0.144111, 2.999978
2.821926, -0.367431, 0.141460, 2.999978
2.831079, -0.391549, 0.138809, 2.999978
2.840232, -0.415668, 0.136158, 2.999978
2.849385, -0.439786, 0.133507, 2.999979
2.858538, -0.463905, 0.130856, 2.999979
2.867691, -0.488023, 0.128205, 2.999979
2.876845, -0.512142, 0.125554, 2.999979
2.885998, -0.536260, 0.122902, 2.999979
2.895151, -0.560379, 0.120251, 2.999979
2.904304, -0.584497, 0.117600, 2.999979
2.913457, -0.608616, 0.114949, 2.999979
2.922610, -0.632734, 0.112298, 2.999980
2.931763, -0.656853, 0.109647, 2.999980
2.940916, -0.680971, 0.106996, 2.999980
2.950069, -0.705090, 0.104345, 2.999980
2.959222, -0.729208, 0.101694, 2.999980
2.968375, -0.753327, 0.099043, 2.999980
2.977528, -0.777445, 0.096391, 2.999980
2.986681, -0.801564, 0.093740, 2.999980
2.995834, -0.825682, 0.091089, 2.999980
3.004988, -0.849801, 0.088438, 2.999981
3.014141, -0.873919, 0.085787, 2.999981
3.023294, -0.898038, 0.083136, 2.999981
3.032447, -0.922156, 0.080485, 2.999981
3.041600, -0.946275, 0.077834, 2.999981
3.050753, -0.970393, 0.075183, 2.999981
3.059906, -0.994512, 0.072532, 2.999981
3.069059, -1.018631, 0.069880, 2.999981
3.078212, -1.042749, 0.067229, 2.999982
3.087365, -1.066868, 0.064578, 2.999982
3.096518, -1.090986, 0.061927, 2.999982
3.105671, -1.115105, 0.059276, 2.999982
3.114824, -1.139223, 0.056625, 2.999982
3.123978, -1.163342, 0.053974, 2.999982
3.133131, -1.187460, 0.051323, 2.999982
3.142284, -1.211579, 0.048672, 2.999982
3.151437, -1.235697, 0.046021, 2.999982
3.160590, -1.259816, 0.043369, 2.999983
3.169743, -1.283934, 0.040718, 2.999983
3.178896, -1.308053, 0.038067, 2.999983
3.188049, -1.332171, 0.035416, 2.999983
3.197202, -1.356290, 0.032765, 2.999983
3.206355, -1.380408, 0.030114, 2.999983
3.215508, -1.404527, 0.027463, 2.999983
3.224661, -1.428645, 0.024812, 2.999983
3.233814, -1.452764, 0.022161, 2.999983
3.242967, -1.476882, 0.019510, 2.999984
3.252121, -1.501001, 0.016858, 2.999984
3.261274, -1.525119, 0.014207, 2.999984
3.270427, -1.549238, 0.011556, 2.999984
3.279580, -1.573356, 0.008905, 2.999984
3.288733, -1.597475, 0.006254, 2.999984
3.297886, -1.621593, 0.003603, 2.999984
3.307039, -1.645712, 0.000952, 2.999984
3.316192, -1.669831, -0.001699, 2.999985
3.325345, -1.693949, -0.004350, 2.999985
3.334498, -1.718068, -0.007001, 2.999985
3.343651, -1.742186, -0.009653, 2.999985
3.352804, -1.766305, -0.012304, 2.999985
3.361957, -1.790423, -0.014955, 2.999985
3.371111, -1.814542, -0.017606, 2.999985
3.380264, -1.838660, -0.020257, 2.999985
3.389417, -1.862779, -0.022908, 2.999985
3.398570, -1.886897, -0.025559, 2.999986
3.407723, -1.911016, -0.028210, 2.999986
3.416876, -1.935134, -0.030861, 2.999986
3.426029, -1.959253, -0.033512, 2.999986
3.435182, -1.983371, -0.036164, 2.999986
3.444335, -2.007490, -0.038815, 2.999986
3.453488, -2.031608, -0.041466, 2.999986
3.462641, -2.055727, -0.044117, 2.999986
3.471794, -2.079845, -0.046768, 2.999987
3.480947, -2.103964, -0.049419, 2.999987
3.490100, -2.128082, -0.052070, 2.999987
3.499254, -2.152201, -0.054721, 2.999987
3.508407, -2.176319, -0.057372, 2.999987
3.517560, -2.200438, -0.060023, 2.999987
3.526713, -2.224556, -0.062675, 2.999987
3.535866, -2.248675, -0.065326, 2.999987
3.545019, -2.272793, -0.067977, 2.999987
3.554172, -2.296912, -0.070628, 2.999988
3.563325, -2.321031, -0.073279, 2.999988
3.572478, -2.345149, -0.075930, 2.999988
3.581631, -2.369268, -0.078581, 2.999988
3.590784, -2.393386, -0.081232, 2.999988
3.599937, -2.417505, -0.083883, 2.999988
3.609090, -2.441623, -0.086534, 2.999988
3.618244, -2.465742, -0.089186, 2.999988
3.627397, -2.489860, -0.091837, 2.999989
3.636550, -2.513979, -0.094488, 2.999989
3.645703, -2.538097, -0.097139, 2.999989
3.654856, -2.562216, -0.099790, 2.999989
3.664009, -2.586334, -0.102441, 2.999989
3.673162, -2.610453, -0.105092, 2.999989
3.682315, -2.634571, -0.107743, 2.999989
3.691468, -2.658690, -0.110394, 2.999989
3.700621, -2.682808, -0.113045, 2.999989
3.709774, -2.706927, -0.115697, 2.999990
3.718927, -2.731045, -0.118348, 2.999990
3.728080, -2.755164, -0.120999, 2.999990
3.737233, -2.779282, -0.123650, 2.999990
3.746387, -2.803401, -0.126301, 2.999990
3.755540, -2.827519, -0.128952, 2.999990
3.764693, -2.851638, -0.131603, 2.999990
3.773846, -2.875756, -0.134254, 2.999990
3.782999, -2.899875, -0.136905, 2.999990
3.792152, -2.923993, -0.139556, 2.999991
3.801305, -2.948112, -0.142208, 2.999991
3.810458, -2.972231, -0.144859, 2.999991
3.819611, -2.996349, -0.147510, 2.999991
3.828764, -3.020468, -0.150161, 2.999991
3.837917, -3.044586, -0.152812, 2.999991
3.847070, -3.068705, -0.155463, 2.999991
3.856223, -3.092823, -0.158114, 2.999991
3.865377, -3.116942, -0.160765, 2.999992
3.874530, -3.141060, -0.163416, 2.999992
3.883683, -3.165179, -0.166067, 2.999992
3.892836, -3.189297, -0.168719, 2.999992
3.901989, -3.213416, -0.171370, 2.999992
3.911142, -3.237534, -0.174021, 2.999992
3.920295, -3.261653, -0.176672, 2.999992
3.929448, -3.285771, -0.179323, 2.999992
3.938601, -3.309890, -0.181974, 2.999992
3.947754, -3.334008, -0.184625, 2.999993
3.956907, -3.358127, -0.187276, 2.999993
3.966060, -3.382245, -0.189927, 2.999993
3.975213, -3.406364, -0.192578, 2.999993
3.984366, -3.430482, -0.195230, 2.999993
3.993520, -3.454601, -0.197881, 2.999993
4.002673, -3.478719, -0.200532, 2.999993
4.011826, -3.502838, -0.203183, 2.999993
4.020979, -3.526956, -0.205834, 2.999994
4.030132, -3.551075, -0.208485, 2.999994
4.039285, -3.575193, -0.211136, 2.999994
4.048438, -3.599312, -0.213787, 2.999994
4.057591, -3.623431, -0.216438, 2.999994
4.066744, -3.647549, -0.219089, 2.999994
4.075897, -3.671668, -0.221741, 2.999994
4.085050, -3.695786, -0.224392, 2.999994
4.094203, -3.719905, -0.227043, 2.999994
4.103356, -3.744023, -0.229694, 2.999995
4.112510, -3.768142, -0.232345, 2.999995
4.121663, -3.792260, -0.234996, 2.999995
4.130816, -3.816379, -0.237647, 2.999995
4.139969, -3.840497, -0.240298, 2.999995
4.149122, -3.864616, -0.242949, 2.999995
4.158275, -3.888734, -0.245600, 2.999995
4.167428, -3.912853, -0.248252, 2.999995
4.176581, -3.936971, -0.250903, 2.999995
4.185734, -3.961090, -0.253554, 2.999996
4.194887, -3.985208, -0.256205, 2.999996
4.204040, -4.009327, -0.258856, 2.999996
4.213193, -4.033445, -0.261507, 2.999996
4.222346, -4.057564, -0.264158, 2.999996
4.231499, -4.081682, -0.266809, 2.999996
4.240653, -4.105801, -0.269460, 2.999996
4.249806, -4.129919, -0.272111, 2.999996
4.258959, -4.154038, -0.274763, 2.999997
4.268112, -4.178156, -0.277414, 2.999997
4.277265, -4.202275, -0.280065, 2.999997
4.286418, -4.226393, -0.282716, 2.999997
4.295571, -4.250512, -0.285367, 2.999997
4.295571, -4.250512, -0.285367, 2.999997
4.322765, -4.263182, -0.254451, 2.999997
4.350297, -4.275098, -0.224667, 2.999997
4.378134, -4.286281, -0.196318, 2.999997
4.406246, -4.296755, -0.169647, 2.999997
4.434604, -4.306545, -0.144853, 2.999997
4.491947, -4.324190, -0.101499, 2.999997
4.520882, -4.332111, -0.083168, 2.999997
4.549963, -4.339480, -0.067182, 2.999997
4.579169, -4.346337, -0.053605, 2.999997
4.608481, -4.352726, -0.042485, 2.999997
4.637881, -4.358694, -0.033859, 2.999997
4.696887, -4.369564, -0.024200, 2.999997
4.726466, -4.374572, -0.023202, 2.999997
4.756080, -4.379369, -0.024775, 2.999997
4.785719, -4.384013, -0.028927, 2.999997
4.815372, -4.388564, -0.035660, 2.999997
4.845029, -4.393083, -0.044977, 2.999997
4.874682, -4.397632, -0.056879, 2.999997
4.904321, -4.402276, -0.071364, 2.999997
4.933934, -4.407078, -0.088431, 2.999997
4.963523, -4.412025, -0.107064, 2.999997
4.993089, -4.417110, -0.126431, 2.999997
5.022631, -4.422331, -0.145852, 2.999997
5.052150, -4.427684, -0.164774, 2.999997
5.081644, -4.433169, -0.182746, 2.999998
5.111114, -4.438782, -0.199406, 2.999998
5.140561, -4.444516, -0.214459, 2.999998
5.169986, -4.450362, -0.227671, 2.999998
5.228779, -4.462338, -0.247861, 2.999998
5.287520, -4.474560, -0.258898, 2.999998
5.316885, -4.480702, -0.260767, 2.999998
5.346254, -4.486822, -0.260126, 2.999998
5.375635, -4.492885, -0.256934, 2.999998
5.434463, -4.504684, -0.242793, 2.999998
5.463927, -4.510333, -0.231808, 2.999998
5.493433, -4.515751, -0.218200, 2.999998
5.522990, -4.520887, -0.201964, 2.999998
5.552603, -4.525689, -0.183100, 2.999998
5.612014, -4.534065, -0.137490, 2.999998
